{
  "id": "047",
  "name": "赫拉克勒斯",
  "nameJP": "ヘラクレス",
  "nameEN": "Hercules",
  "fuzzyKeywords": [
    "赫拉克勒斯",
    "Hercules",
    "ヘラクレス"
  ],
  "exactKeywords": [],
  "rarity": 4,
  "class": 7,
  "startATK": 1775,
  "endATK": 10655,
  "startHP": 1652,
  "endHP": 10327,
  "grailATK": 12901,
  "grailHP": 12521,
  "illustrator": "Azusa",
  "cv": "西前忠久",
  "gender": 0,
  "attribute": 1,
  "alignment": "23",
  "cards": [
    1,
    3,
    1
  ],
  "hits": [
    2,
    1,
    2,
    3
  ],
  "charge": [
    0.010700000000000001,
    0.010700000000000001,
    0.010700000000000001,
    0.010700000000000001
  ],
  "starAbsorption": 10,
  "starGeneration": 0.05,
  "npChargeATK": 0.010700000000000001,
  "npChargeDEF": 0.05,
  "traits": [],
  "skill1": [
    {
      "name": "勇猛",
      "condition": 0,
      "lv": "A+",
      "effect": [
        {
          "id": "000000001000",
          "value": [
            10.5,
            12.6,
            14.6,
            16.7,
            18.7,
            20.8,
            22.8,
            24.9,
            26.9,
            31
          ],
          "duration": 3,
          "durationTime": 0,
          "effectiveTime": -1,
          "phaseID": 0,
          "probability": [
            100,
            0,
            0,
            0,
            0,
            0,
            0,
            0,
            0,
            0
          ]
        },
        {
          "id": "000000000004",
          "value": [
            21,
            23.1,
            25.2,
            27.3,
            29.4,
            31.5,
            33.6,
            35.7,
            37.8,
            42
          ],
          "duration": 3,
          "durationTime": 0,
          "effectiveTime": -1,
          "phaseID": 0,
          "probability": [
            100,
            0,
            0,
            0,
            0,
            0,
            0,
            0,
            0,
            0
          ]
        }
      ],
      "initialCD": 7
    }
  ],
  "skill2": [
    {
      "name": "心眼（伪）",
      "condition": 0,
      "lv": "B",
      "effect": [
        {
          "id": "000000005001",
          "value": [
            0,
            0,
            0,
            0,
            0,
            0,
            0,
            0,
            0,
            0
          ],
          "duration": 1,
          "durationTime": 0,
          "effectiveTime": -1,
          "phaseID": 0,
          "probability": [
            100,
            0,
            0,
            0,
            0,
            0,
            0,
            0,
            0,
            0
          ]
        },
        {
          "id": "000000001004",
          "value": [
            18,
            19.8,
            21.6,
            23.4,
            25.2,
            27,
            28.8,
            30.6,
            32.4,
            36
          ],
          "duration": 3,
          "durationTime": 0,
          "effectiveTime": -1,
          "phaseID": 0,
          "probability": [
            100,
            0,
            0,
            0,
            0,
            0,
            0,
            0,
            0,
            0
          ]
        }
      ],
      "initialCD": 8
    }
  ],
  "skill3": [
    {
      "name": "战斗续行",
      "condition": 0,
      "lv": "A",
      "effect": [
        {
          "id": "000000005002",
          "value": [
            1000,
            1150,
            1300,
            1450,
            1600,
            1750,
            1900,
            2050,
            2200,
            2500
          ],
          "duration": 5,
          "durationTime": 1,
          "effectiveTime": -1,
          "phaseID": 0,
          "probability": [
            100,
            0,
            0,
            0,
            0,
            0,
            0,
            0,
            0,
            0
          ]
        }
      ],
      "initialCD": 9
    }
  ],
  "np": [
    {
      "name": "射杀百头（Nine Lives）",
      "type": 2,
      "condition": 0,
      "value": [
        "600",
        "800",
        "900",
        "950",
        "1000"
      ],
      "card": 1,
      "lv": "C~A+",
      "attackPhaseID": 0,
      "effect": [
        {
          "id": "110000022000",
          "value": [
            10,
            15,
            20,
            25,
            30
          ],
          "duration": 3,
          "durationTime": 0,
          "effectiveTime": -1,
          "phaseID": 0,
          "probability": [
            100,
            0,
            0,
            0,
            0,
            0,
            0,
            0,
            0,
            0
          ],
          "type": 2
        }
      ],
      "hits": "15"
    }
  ],
  "classSkill": [
    {
      "name": "狂化",
      "lv": "B",
      "effect": [
        {
          "id": "000000001001",
          "value": [
            8,
            0,
            0,
            0,
            0,
            0,
            0,
            0,
            0,
            0
          ],
          "duration": 99999,
          "durationTime": 0,
          "effectiveTime": -1,
          "phaseID": 0,
          "probability": [
            100,
            0,
            0,
            0,
            0,
            0,
            0,
            0,
            0,
            0
          ]
        }
      ]
    },
    {
      "name": "神性",
      "lv": "A",
      "effect": [
        {
          "id": "000000011000",
          "value": [
            200,
            0,
            0,
            0,
            0,
            0,
            0,
            0,
            0,
            0
          ],
          "duration": 99999,
          "durationTime": 0,
          "effectiveTime": -1,
          "phaseID": 0,
          "probability": [
            100,
            0,
            0,
            0,
            0,
            0,
            0,
            0,
            0,
            0
          ]
        }
      ]
    }
  ],
  "skillResource": [
    [
      {
        "id": "0006",
        "num": 4
      }
    ],
    [
      {
        "id": "0006",
        "num": 10
      }
    ],
    [
      {
        "id": "0106",
        "num": 4
      }
    ],
    [
      {
        "id": "0106",
        "num": 10
      },
      {
        "id": "1201",
        "num": 2
      }
    ],
    [
      {
        "id": "0206",
        "num": 4
      },
      {
        "id": "1201",
        "num": 4
      }
    ],
    [
      {
        "id": "0206",
        "num": 10
      },
      {
        "id": "1102",
        "num": 4
      }
    ],
    [
      {
        "id": "1102",
        "num": 8
      },
      {
        "id": "1000",
        "num": 15
      }
    ],
    [
      {
        "id": "1000",
        "num": 45
      },
      {
        "id": "1202",
        "num": 8
      }
    ],
    [
      {
        "id": "2000",
        "num": 1
      }
    ]
  ],
  "ascensionResource": [
    [
      {
        "id": "4006",
        "num": 4
      }
    ],
    [
      {
        "id": "4006",
        "num": 10
      },
      {
        "id": "1102",
        "num": 6
      }
    ],
    [
      {
        "id": "4106",
        "num": 4
      },
      {
        "id": "1201",
        "num": 4
      },
      {
        "id": "1200",
        "num": 3
      }
    ],
    [
      {
        "id": "4106",
        "num": 10
      },
      {
        "id": "1200",
        "num": 5
      },
      {
        "id": "1202",
        "num": 4
      }
    ]
  ]
}