{
  "id": "089",
  "name": "贝奥武夫",
  "nameJP": "ベオウルフ",
  "nameEN": "Beowulf",
  "fuzzyKeywords": [
    "贝奥武夫",
    "Beowulf",
    "ベオウルフ"
  ],
  "exactKeywords": [],
  "rarity": 4,
  "class": 7,
  "startATK": 1707,
  "endATK": 10247,
  "startHP": 1652,
  "endHP": 10327,
  "grailATK": 12407,
  "grailHP": 12521,
  "illustrator": "下越",
  "cv": "中井和哉",
  "gender": 0,
  "attribute": 2,
  "alignment": "20",
  "cards": [
    1,
    3,
    1
  ],
  "hits": [
    3,
    1,
    3,
    4
  ],
  "charge": [
    0.0068000000000000005,
    0.0068000000000000005,
    0.0068000000000000005,
    0.0068000000000000005
  ],
  "starAbsorption": 10,
  "starGeneration": 0.049,
  "npChargeATK": 0.0068000000000000005,
  "npChargeDEF": 0.05,
  "traits": [],
  "skill1": [
    {
      "name": "狂暴",
      "condition": 0,
      "lv": "A",
      "effect": [
        {
          "id": "000000001000",
          "value": [
            20,
            21,
            22,
            23,
            24,
            25,
            26,
            27,
            28,
            30
          ],
          "duration": 1,
          "durationTime": 0,
          "effectiveTime": -1,
          "phaseID": 0,
          "probability": [
            100,
            0,
            0,
            0,
            0,
            0,
            0,
            0,
            0,
            0
          ]
        },
        {
          "id": "000000001005",
          "value": [
            10,
            11,
            12,
            13,
            14,
            15,
            16,
            17,
            18,
            20
          ],
          "duration": 1,
          "durationTime": 0,
          "effectiveTime": -1,
          "phaseID": 0,
          "probability": [
            100,
            0,
            0,
            0,
            0,
            0,
            0,
            0,
            0,
            0
          ]
        }
      ],
      "initialCD": 7
    }
  ],
  "skill2": [
    {
      "name": "直感",
      "condition": 0,
      "lv": "B",
      "effect": [
        {
          "id": "020000014005",
          "value": [
            4,
            5,
            6,
            7,
            8,
            9,
            10,
            11,
            12,
            14
          ],
          "duration": 0,
          "durationTime": 1,
          "effectiveTime": -1,
          "phaseID": 0,
          "probability": [
            100,
            0,
            0,
            0,
            0,
            0,
            0,
            0,
            0,
            0
          ]
        }
      ],
      "initialCD": 7
    }
  ],
  "skill3": [
    {
      "name": "战斗续行",
      "condition": 0,
      "lv": "B",
      "effect": [
        {
          "id": "000000015002",
          "value": [
            750,
            875,
            1000,
            1125,
            1250,
            1375,
            1500,
            1625,
            1750,
            2000
          ],
          "duration": 4,
          "durationTime": 1,
          "effectiveTime": -1,
          "phaseID": 0,
          "probability": [
            100,
            0,
            0,
            0,
            0,
            0,
            0,
            0,
            0,
            0
          ]
        }
      ],
      "initialCD": 9
    }
  ],
  "np": [
    {
      "name": "源流斗争（Grendel Buster）",
      "type": 2,
      "condition": 0,
      "value": [
        "700",
        "900",
        "1000",
        "1050",
        "1100"
      ],
      "card": 1,
      "lv": "A+",
      "attackPhaseID": 0,
      "effect": [
        {
          "id": "000000005003",
          "value": [
            0,
            0,
            0,
            0,
            0
          ],
          "duration": 0,
          "durationTime": 0,
          "effectiveTime": -1,
          "phaseID": 0,
          "probability": [
            100,
            0,
            0,
            0,
            0,
            0,
            0,
            0,
            0,
            0
          ],
          "type": 0
        },
        {
          "id": "110000024005",
          "value": [
            30,
            35,
            40,
            45,
            50
          ],
          "duration": 3,
          "durationTime": 0,
          "effectiveTime": -1,
          "phaseID": 0,
          "probability": [
            100,
            0,
            0,
            0,
            0,
            0,
            0,
            0,
            0,
            0
          ],
          "type": 2
        }
      ],
      "hits": "12"
    },
    {
      "name": "源流斗争（Grendel Buster）",
      "type": 2,
      "condition": 1,
      "value": [
        "700",
        "900",
        "1000",
        "1050",
        "1100"
      ],
      "card": 1,
      "lv": "A++",
      "attackPhaseID": 0,
      "effect": [
        {
          "id": "000000005003",
          "value": [
            0,
            0,
            0,
            0,
            0
          ],
          "duration": 0,
          "durationTime": 0,
          "effectiveTime": -1,
          "phaseID": 0,
          "probability": [
            100,
            0,
            0,
            0,
            0,
            0,
            0,
            0,
            0,
            0
          ],
          "type": 0
        },
        {
          "id": "110000024005",
          "value": [
            30,
            35,
            40,
            45,
            50
          ],
          "duration": 3,
          "durationTime": 0,
          "effectiveTime": -1,
          "phaseID": 0,
          "probability": [
            100,
            0,
            0,
            0,
            0,
            0,
            0,
            0,
            0,
            0
          ],
          "type": 2
        }
      ],
      "hits": "12"
    }
  ],
  "classSkill": [
    {
      "name": "狂化",
      "lv": "E-",
      "effect": [
        {
          "id": "000000001001",
          "value": [
            1,
            0,
            0,
            0,
            0,
            0,
            0,
            0,
            0,
            0
          ],
          "duration": 99999,
          "durationTime": 0,
          "effectiveTime": -1,
          "phaseID": 0,
          "probability": [
            100,
            0,
            0,
            0,
            0,
            0,
            0,
            0,
            0,
            0
          ]
        }
      ]
    }
  ],
  "skillResource": [
    [
      {
        "id": "0006",
        "num": 4
      }
    ],
    [
      {
        "id": "0006",
        "num": 10
      }
    ],
    [
      {
        "id": "0106",
        "num": 4
      }
    ],
    [
      {
        "id": "0106",
        "num": 10
      },
      {
        "id": "1102",
        "num": 4
      }
    ],
    [
      {
        "id": "0206",
        "num": 4
      },
      {
        "id": "1102",
        "num": 8
      }
    ],
    [
      {
        "id": "0206",
        "num": 10
      },
      {
        "id": "1000",
        "num": 12
      }
    ],
    [
      {
        "id": "1000",
        "num": 24
      },
      {
        "id": "1100",
        "num": 6
      }
    ],
    [
      {
        "id": "1100",
        "num": 18
      },
      {
        "id": "1002",
        "num": 48
      }
    ],
    [
      {
        "id": "2000",
        "num": 1
      }
    ]
  ],
  "ascensionResource": [
    [
      {
        "id": "4006",
        "num": 4
      }
    ],
    [
      {
        "id": "4006",
        "num": 10
      },
      {
        "id": "1000",
        "num": 8
      }
    ],
    [
      {
        "id": "4106",
        "num": 4
      },
      {
        "id": "1102",
        "num": 8
      },
      {
        "id": "1202",
        "num": 2
      }
    ],
    [
      {
        "id": "4106",
        "num": 10
      },
      {
        "id": "1001",