{
  "id": "125",
  "name": "俵藤太",
  "nameJP": "俵藤太",
  "nameEN": "Tawara Toda",
  "fuzzyKeywords": [
    "俵藤太",
    "Tawara Toda",
    "俵藤太"
  ],
  "exactKeywords": [],
  "rarity": 3,
  "class": 2,
  "startATK": 1306,
  "endATK": 7032,
  "startHP": 1764,
  "endHP": 9800,
  "grailATK": 9517,
  "grailHP": 13287,
  "illustrator": "下越",
  "cv": "铃村健一",
  "gender": 0,
  "attribute": 0,
  "alignment": "10",
  "cards": [
    2,
    2,
    1
  ],
  "hits": [
    3,
    1,
    2,
    5
  ],
  "charge": [
    0.005699999999999999,
    0.005699999999999999,
    0.005699999999999999,
    0.005699999999999999
  ],
  "starAbsorption": 150,
  "starGeneration": 0.078,
  "npChargeATK": 0.005699999999999999,
  "npChargeDEF": 0.03,
  "traits": [],
  "skill1": [
    {
      "name": "龙神的加护",
      "condition": 0,
      "lv": "C",
      "effect": [
        {
          "id": "000000001001",
          "value": [
            20,
            21,
            22,
            23,
            24,
            25,
            26,
            27,
            28,
            30
          ],
          "duration": 3,
          "durationTime": 0,
          "effectiveTime": -1,
          "phaseID": 0,
          "probability": [
            100,
            0,
            0,
            0,
            0,
            0,
            0,
            0,
            0,
            0
          ]
        },
        {
          "id": "000000014008",
          "value": [
            1000,
            1100,
            1200,
            1300,
            1400,
            1500,
            1600,
            1700,
            1800,
            2000
          ],
          "duration": 0,
          "durationTime": 1,
          "effectiveTime": -1,
          "phaseID": 0,
          "probability": [
            100,
            0,
            0,
            0,
            0,
            0,
            0,
            0,
            0,
            0
          ]
        }
      ],
      "initialCD": 8
    }
  ],
  "skill2": [
    {
      "name": "避矢的加护",
      "condition": 0,
      "lv": "C",
      "effect": [
        {
          "id": "000000005001",
          "value": [
            0,
            0,
            0,
            0,
            0,
            0,
            0,
            0,
            0,
            0
          ],
          "duration": 0,
          "durationTime": 2,
          "effectiveTime": -1,
          "phaseID": 0,
          "probability": [
            100,
            0,
            0,
            0,
            0,
            0,
            0,
            0,
            0,
            0
          ]
        },
        {
          "id": "000000002000",
          "value": [
            7,
            7.7,
            8.4,
            9.1,
            9.8,
            10.5,
            11.2,
            11.9,
            12.6,
            14
          ],
          "duration": 3,
          "durationTime": 0,
          "effectiveTime": -1,
          "phaseID": 0,
          "probability": [
            100,
            0,
            0,
            0,
            0,
            0,
            0,
            0,
            0,
            0
          ]
        }
      ],
      "initialCD": 7
    }
  ],
  "skill3": [
    {
      "name": "无尽俵",
      "condition": 0,
      "lv": "EX",
      "effect": [
        {
          "id": "020000014010",
          "value": [
            1000,
            1100,
            1200,
            1300,
            1400,
            1500,
            1600,
            1700,
            1800,
            2000
          ],
          "duration": 3,
          "durationTime": 0,
          "effectiveTime": -1,
          "phaseID": 0,
          "probability": [
            100,
            0,
            0,
            0,
            0,
            0,
            0,
            0,
            0,
            0
          ]
        }
      ],
      "initialCD": 7
    }
  ],
  "np": [
    {
      "name": "八幡祈愿・大妖射贯",
      "type": 1,
      "condition": 0,
      "value": [
        "300",
        "400",
        "450",
        "475",
        "500"
      ],
      "card": 1,
      "lv": "B",
      "attackPhaseID": "1",
      "effect": [
        {
          "id": "000000007034",
          "value": [
            50,
            62.5,
            75,
            87.5,
            100
          ],
          "duration": 1,
          "durationTime": 0,
          "effectiveTime": -1,
          "phaseID": 0,
          "probability": [
            100,
            0,
            0,
            0,
            0,
            0,
            0,
            0,
            0,
            0
          ],
          "type": 2
        }
      ],
      "hits": "3"
    }
  ],
  "classSkill": [
    {
      "name": "对魔力",
      "lv": "C",
      "effect": [
        {
          "id": "000000000001",
          "value": [
            15,
            0,
            0,
            0,
            0,
            0,
            0,
            0,
            0,
            0
          ],
          "duration": 99999,
          "durationTime": 0,
          "effectiveTime": -1,
          "phaseID": 0,
          "probability": [
            100,
            0,
            0,
            0,
            0,
            0,
            0,
            0,
            0,
            0
          ]
        }
      ]
    },
    {
      "name": "单独行动",
      "lv": "B",
      "effect": [
        {
          "id": "000000001004",
          "value": [
            8,
            0,
            0,
            0,
            0,
            0,
            0,
            0,
            0,
            0
          ],
          "duration": 99999,
          "durationTime": 0,
          "effectiveTime": -1,
          "phaseID": 0,
          "probability": [
            100,
            0,
            0,
            0,
            0,
            0,
            0,
            0,
            0,
            0
          ]
        }
      ]
    }
  ],
  "skillResource": [
    [
      {
        "id": "0001",
        "num": 4
      }
    ],
    [
      {
        "id": "0001",
        "num": 8
      }
    ],
    [
      {
        "id": "0101",
        "num": 4
      }
    ],
    [
      {
        "id": "0101",
        "num": 8
      },
      {
        "id": "1000",
        "num": 10
      }
    ],
    [
      {
        "id": "0201",
        "num": 4
      },
      {
        "id": "1000",
        "num": 20
      }
    ],
    [
      {
        "id": "0201",
        "num": 8
      },
      {
        "id": "1100",
        "num": 4
      }
    ],
    [
      {
        "id": "1100",
        "num": 8
      },
      {
        "id": "1102",
        "num": 4
      }
    ],
    [
      {
        "id": "1102",
        "num": 12
      },
      {
        "id": "1210",
        "num": 7
      }
    ],
    [
      {
        "id": "2000",
        "num": 1
      }
    ]
  ],
  "ascensionResource": [
    [
      {
        "id": "4001",
        "num": 4
      }
    ],
    [
      {
        "id": "4001",
        "num": 8
      },
      {
        "id": "1100",
        "num": 6
      }
    ],
    [
      {
        "id": "4101",
        "num": 4
      },
      {
        "id": "1000",
        "num": 20
      },
      {
        "id": "1104",
        "num": 3
      }
    ],
    [
      {
        "id": "4101",
        "num": 8
      },
      {
        "id": "1104",
        "num": 6
      },
      {
        "id": "1203",
        "num": 4
      }
    ]
  ],
  "deathResist": 0.36
}