{
  "id": "133",
  "name": "斯卡哈",
  "nameJP": "スカサハ",
  "nameEN": "Scathach",
  "fuzzyKeywords": [
    "斯卡哈",
    "Scathach",
    "スカサハ"
  ],
  "exactKeywords": [],
  "rarity": 4,
  "class": 6,
  "startATK": 1508,
  "endATK": 9049,
  "startHP": 1786,
  "endHP": 11168,
  "grailATK": 10956,
  "grailHP": 13541,
  "illustrator": "こやまひろかず",
  "cv": "能登麻美子",
  "gender": 1,
  "attribute": 3,
  "alignment": "10",
  "cards": [
    1,
    1,
    3
  ],
  "hits": [
    3,
    3,
    3,
    5
  ],
  "charge": [
    0.0070999999999999995,
    0.0070999999999999995,
    0.0070999999999999995,
    0.0070999999999999995
  ],
  "starAbsorption": 98,
  "starGeneration": 0.256,
  "npChargeATK": 0.0070999999999999995,
  "npChargeDEF": 0.04,
  "traits": [],
  "skill1": [
    {
      "name": "海滨危机",
      "condition": 0,
      "lv": "A+",
      "effect": [
        {
          "id": "000000004004",
          "value": [
            100,
            120,
            140,
            160,
            180,
            200,
            220,
            240,
            260,
            300
          ],
          "duration": 1,
          "durationTime": 0,
          "effectiveTime": -1,
          "phaseID": 0,
          "probability": [
            100,
            0,
            0,
            0,
            0,
            0,
            0,
            0,
            0,
            0
          ]
        },
        {
          "id": "000000001004",
          "value": [
            30,
            32,
            34,
            36,
            38,
            40,
            42,
            44,
            46,
            50
          ],
          "duration": 1,
          "durationTime": 0,
          "effectiveTime": -1,
          "phaseID": 0,
          "probability": [
            100,
            0,
            0,
            0,
            0,
            0,
            0,
            0,
            0,
            0
          ]
        }
      ],
      "initialCD": 8
    }
  ],
  "skill2": [
    {
      "name": "原初的符文（海）",
      "condition": 0,
      "lv": "A",
      "effect": [
        {
          "id": "010000014008",
          "value": [
            1000,
            1200,
            1400,
            1600,
            1800,
            2000,
            2200,
            2400,
            2600,
            3000
          ],
          "duration": 0,
          "durationTime": 1,
          "effectiveTime": -1,
          "phaseID": 0,
          "probability": [
            100,
            0,
            0,
            0,
            0,
            0,
            0,
            0,
            0,
            0
          ]
        },
        {
          "id": "010000012000",
          "value": [
            500,
            550,
            600,
            650,
            700,
            750,
            800,
            850,
            900,
            1000
          ],
          "duration": 1,
          "durationTime": 0,
          "effectiveTime": -1,
          "phaseID": 0,
          "probability": [
            100,
            0,
            0,
            0,
            0,
            0,
            0,
            0,
            0,
            0
          ]
        }
      ],
      "initialCD": 8
    }
  ],
  "skill3": [
    {
      "name": "真夏的过错",
      "condition": 0,
      "lv": "C",
      "effect": [
        {
          "id": "000000005004",
          "value": [
            0,
            0,
            0,
            0,
            0,
            0,
            0,
            0,
            0,
            0
          ],
          "duration": 1,
          "durationTime": 0,
          "effectiveTime": -1,
          "phaseID": 0,
          "probability": [
            100,
            0,
            0,
            0,
            0,
            0,
            0,
            0,
            0,
            0
          ]
        },
        {
          "id": "000000001003",
          "value": [
            30,
            32,
            34,
            36,
            38,
            40,
            42,
            44,
            46,
            50
          ],
          "duration": 1,
          "durationTime": 0,
          "effectiveTime": -1,
          "phaseID": 0,
          "probability": [
            100,
            0,
            0,
            0,
            0,
            0,
            0,
            0,
            0,
            0
          ]
        }
      ],
      "initialCD": 8
    }
  ],
  "np": [
    {
      "name": "蹴穿死翔之枪（Gae Bolg Alternative）",
      "type": 1,
      "condition": 0,
      "value": [
        "600",
        "800",
        "900",
        "950",
        "1000"
      ],
      "card": 2,
      "lv": "B+",
      "attackPhaseID": 0,
      "effect": [
        {
          "id": "120000024012",
          "value": [
            0,
            0,
            0,
            0,
            0
          ],
          "duration": 0,
          "durationTime": 1,
          "effectiveTime": -1,
          "phaseID": 0,
          "probability": [
            30,
            40,
            50,
            60,
            70,
            80,
            90,
            100,
            110,
            130
          ],
          "type": 0
        }
      ],
      "hits": "5"
    }
  ],
  "classSkill": [
    {
      "name": "气息遮断",
      "lv": "E",
      "effect": [
        {
          "id": "000000000017",
          "value": [
            2,
            0,
            0,
            0,
            0,
            0,
            0,
            0,
            0,
            0
          ],
          "duration": 99999,
          "durationTime": 0,
          "effectiveTime": -1,
          "phaseID": 0,
          "probability": [
            100,
            0,
            0,
            0,
            0,
            0,
            0,
            0,
            0,
            0
          ]
        }
      ]
    }
  ],
  "skillResource": [
    [
      {
        "id": "0005",
        "num": 4
      }
    ],
    [
      {
        "id": "0005",
        "num": 10
      }
    ],
    [
      {
        "id": "0105",
        "num": 4
      }
    ],
    [
      {
        "id": "0105",
        "num": 10
      },
      {
        "id": "1100",
        "num": 5
      }
    ],
    [
      {
        "id": "0205",
        "num": 4
      },
      {
        "id": "1100",
        "num": 10
      }
    ],
    [
      {
        "id": "0205",
        "num": 10
      },
      {
        "id": "1110",
        "num": 4
      }
    ],
    [
      {
        "id": "1110",
        "num": 8
      },
      {
        "id": "1203",
        "num": 2
      }
    ],
    [
      {
        "id": "1203",
        "num": 6
      },
      {
        "id": "1210",
        "num": 8
      }
    ],
    [
      {
        "id": "2000",
        "num": 1
      }
    ]
  ],
  "ascensionResource": [
    [
      {
        "id": "3002",
        "num": 1
      }
    ],
    [
      {
        "id": "3002",
        "num": 1
      }
    ],
    [
      {
        "id": "3002",
        "num": 1
      }
    ],
    [
      {
        "id": "3002",
        "num": 1
      }
    ]
  ],
  "deathResist": 0.44
}