{
  "id": "159",
  "name": "燕青",
  "nameJP": "燕青",
  "nameEN": "Yan Qing",
  "fuzzyKeywords": [
    "燕青",
    "Yan Qing",
    "燕青"
  ],
  "exactKeywords": [],
  "rarity": 4,
  "class": 6,
  "startATK": 1443,
  "endATK": 8661,
  "startHP": 1862,
  "endHP": 11637,
  "grailATK": 10487,
  "grailHP": 14110,
  "illustrator": "縞うどん",
  "cv": "冈本信彦",
  "gender": 0,
  "attribute": 0,
  "alignment": "22",
  "cards": [
    1,
    1,
    3
  ],
  "hits": [
    3,
    1,
    3,
    5
  ],
  "charge": [
    0.0070999999999999995,
    0.0070999999999999995,
    0.0070999999999999995,
    0.0070999999999999995
  ],
  "starAbsorption": 100,
  "starGeneration": 0.29600000000000004,
  "npChargeATK": 0.0070999999999999995,
  "npChargeDEF": 0.04,
  "traits": [],
  "skill1": [
    {
      "name": "中国拳法",
      "condition": 0,
      "lv": "EX",
      "requirement": "00000",
      "effect": [
        {
          "id": "000000004007",
          "value": [
            300,
            330,
            360,
            390,
            420,
            450,
            480,
            510,
            540,
            600
          ],
          "duration": 1,
          "durationTime": 0,
          "effectiveTime": -1,
          "phaseID": 0,
          "probability": [
            100,
            0,
            0,
            0,
            0,
            0,
            0,
            0,
            0,
            0
          ]
        },
        {
          "id": "000000004001",
          "value": [
            20,
            21,
            22,
            23,
            24,
            25,
            26,
            27,
            28,
            30
          ],
          "duration": 1,
          "durationTime": 0,
          "effectiveTime": -1,
          "phaseID": 0,
          "probability": [
            100,
            0,
            0,
            0,
            0,
            0,
            0,
            0,
            0,
            0
          ]
        }
      ],
      "initialCD": 7
    }
  ],
  "skill2": [
    {
      "name": "谍报",
      "condition": 0,
      "lv": "A",
      "requirement": "00000",
      "effect": [
        {
          "id": "000000000017",
          "value": [
            9,
            11,
            13,
            15,
            17,
            19,
            21,
            23,
            25,
            29
          ],
          "duration": 3,
          "durationTime": 0,
          "effectiveTime": -1,
          "phaseID": 0,
          "probability": [
            100,
            0,
            0,
            0,
            0,
            0,
            0,
            0,
            0,
            0
          ]
        }
      ],
      "initialCD": 7
    }
  ],
  "skill3": [
    {
      "name": "天巧星",
      "condition": 0,
      "lv": "A+",
      "requirement": "00000",
      "effect": [
        {
          "id": "000000024007",
          "value": [
            100,
            0,
            0,
            0,
            0,
            0,
            0,
            0,
            0,
            0
          ],
          "duration": 1,
          "durationTime": 0,
          "effectiveTime": -1,
          "phaseID": 0,
          "probability": [
            100,
            0,
            0,
            0,
            0,
            0,
            0,
            0,
            0,
            0
          ]
        },
        {
          "id": "020000014006",
          "value": [
            10,
            11,
            12,
            13,
            14,
            15,
            16,
            17,
            18,
            20
          ],
          "duration": 0,
          "durationTime": 1,
          "effectiveTime": -1,
          "phaseID": 0,
          "probability": [
            100,
            0,
            0,
            0,
            0,
            0,
            0,
            0,
            0,
            0
          ]
        }
      ],
      "initialCD": 8
    }
  ],
  "np": [
    {
      "name": "十面埋伏·形如无影",
      "type": 2,
      "condition": 0,
      "value": [
        "1200",
        "1600",
        "1800",
        "1900",
        "2000"
      ],
      "card": 2,
      "lv": "A",
      "attackPhaseID": 0,
      "effect": [
        {
          "id": "110000021004",
          "value": [
            20,
            25,
            30,
            35,
            40
          ],
          "duration": 3,
          "durationTime": 0,
          "effectiveTime": -1,
          "phaseID": 0,
          "probability": [
            100,
            0,
            0,
            0,
            0,
            0,
            0,
            0,
            0,
            0
          ],
          "type": 2
        }
      ],
      "hits": "11"
    }
  ],
  "classSkill": [
    {
      "name": "气息遮断",
      "lv": "C",
      "effect": [
        {
          "id": "000000000017",
          "value": [
            6,
            0,
            0,
            0,
            0,
            0,
            0,
            0,
            0,
            0
          ],
          "duration": 99999,
          "durationTime": 0,
          "effectiveTime": -1,
          "phaseID": 0,
          "probability": [
            100,
            0,
            0,
            0,
            0,
            0,
            0,
            0,
            0,
            0
          ]
        }
      ]
    },
    {
      "name": "无赖汉",
      "lv": "A",
      "effect": [
        {
          "id": "000000001003",
          "value": [
            5,
            0,
            0,
            0,
            0,
            0,
            0,
            0,
            0,
            0
          ],
          "duration": 99999,
          "durationTime": 0,
          "effectiveTime": -1,
          "phaseID": 0,
          "probability": [
            100,
            0,
            0,
            0,
            0,
            0,
            0,
            0,
            0,
            0
          ]
        },
        {
          "id": "000000001004",
          "value": [
            5,
            0,
            0,
            0,
            0,
            0,
            0,
            0,
            0,
            0
          ],
          "duration": 99999,
          "durationTime": 0,
          "effectiveTime": -1,
          "phaseID": 0,
          "probability": [
            100,
            0,
            0,
            0,
            0,
            0,
            0,
            0,
            0,
            0
          ]
        }
      ]
    }
  ],
  "skillResource": [
    [
      {
        "id": "0005",
        "num": 4
      }
    ],
    [
      {
        "id": "0005",
        "num": 10
      }
    ],
    [
      {
        "id": "0105",
        "num": 4
      }
    ],
    [
      {
        "id": "0105",
        "num": 10
      },
      {
        "id": "1101",
        "num": 4
      }
    ],
    [
      {
        "id": "0205",
        "num": 4
      },
      {
        "id": "1101",
        "num": 8
      }
    ],
    [
      {
        "id": "0205",
        "num": 10
      },
      {
        "id": "1003",
        "num": 8
      }
    ],
    [
      {
        "id": "1003",
        "num": 16
      },
      {
        "id": "1006",
        "num": 15
      }
    ],
    [
      {
        "id": "1006",
        "num": 45
      },
      {
        "id": "1107",
        "num": 20
      }
    ],
    [
      {
        "id": "2000",
        "num": 1
      }
    ]
  ],
  "ascensionResource": [
    [
      {
        "id": "4005",
        "num": 4
      }
    ],
    [
      {
        "id": "4005",
        "num": 10
      },
      {
        "id": "1003",
        "num": 12
      }
    ],
    [
      {
        "id": "4105",
        "num": 4
      },
      {
        "id": "1101",
        "num": 8
      },
      {
        "id": "1102",
        "num": 4
      }
    ],
    [
      {
        "id": "4105",
        "num": 10
      },
      {
        "id": "1102",